{
  "name": "sidebar",
  "title": "sidebar.js",
  "description": "SidebarJS is a jQuery plugin for sidebar",
  "keywords": [
    "sidebar",
    "navi",
    "menu",
    "jquery",
    "ui"
  ],
  "version": "0.2.0",
  "author": {
    "name": "makotot",
    "url": "https://github.com/makotot"
  },
  "licenses": [
    {
      "type": "MIT",
      "url": "http://www.opensource.org/licenses/mit-license.php"
    }
  ],
  "homepage": "http://makotot.github.io/sidebar/",
  "bugs": "https://github.com/makotot/sidebar/issues",
  "dependencies": {
    "jquery": ">=1.8"
  }
}